ANT1,44.89,10.25,90.00,2450AT18B100E,2450AT18B100E_ANTC3216X140N
C1,37.71,14.83,0.00,12pF,NORDIC_NRF_3_RESC0201_L
C1-EP-DR,19.42,13.23,0.00,10uF,NORDIC_NRF_3_RESC0402_L
C10,38.77,19.13,0.00,N.C.,NORDIC_NRF_3_RESC0201_L
C11,37.71,13.68,0.00,100pF,NORDIC_NRF_3_RESC0201_L
C12,36.52,19.18,0.00,100nF,NORDIC_NRF_3_RESC0201_L
C13,33.73,19.38,0.00,N.C.,NORDIC_NRF_3_RESC0201_L
C14,30.04,18.78,0.00,4.7uF,NORDIC_NRF_3_RESC0201_L
C15,35.55,20.58,0.00,1.0uF,NORDIC_NRF_3_RESC0201_L
C16,37.19,20.58,0.00,47nF,NORDIC_NRF_3_RESC0201_L
C17,26.87,17.78,0.00,12pF,PERFECT_0402_0402
C18,26.78,15.38,0.00,12pF,PERFECT_0402_0402
C19,27.26,8.28,0.00,100nF,PERFECT_0402_0402
C2,40.97,16.88,0.00,12pF,NORDIC_NRF_3_RESC0201_L
C2-EP-DR,13.38,6.68,0.00,4.7uF/25V,NORDIC_NRF_3_RESC0402_L
C20,31.48,10.12,0.00,4.7uF,NORDIC_NRF_3_RESC0402_L
C21,30.86,8.28,0.00,4.7uF,NORDIC_NRF_3_RESC0402_L
C22,40.73,3.82,180.00,N.C.,NORDIC_NRF_3_RESC0201_L
C23,22.48,26.08,0.00,0.1uF,GRM011R60J152KE01L_2_CAPC0201X13N
C24,22.19,24.08,0.00,10uF,PERFECT_0402_0402
C25,28.37,25.68,0.00,22uF,PERFECT_0402_0402
C27,44.42,30.98,90.00,0.1uF,GRM011R60J152KE01L_2_CAPC0201X13N
C29,34.65,5.75,270.00,1uF,GRM011R60J152KE01L_1_0201
C3,40.53,6.58,180.00,1pF,NORDIC_NRF_3_RESC0201_L
C30,12.55,5.73,270.00,1uF,GRM011R60J152KE01L_1_0201
C31,23.55,5.79,270.00,1uF,GRM011R60J152KE01L_1_0201
C32,37.22,28.18,0.00,1uF,GRM011R60J152KE01L_2_CAPC0201X13N
C33,31.32,25.90,90.00,22uF,PERFECT_0402_0402
C34,37.21,22.18,0.00,0.1uF,GRM011R60J152KE01L_2_CAPC0201X13N
C37,38.62,30.58,180.00,1uF,GRM011R60J152KE01L_2_CAPC0201X13N
C38,36.73,33.08,180.00,1uF,GRM011R60J152KE01L_2_CAPC0201X13N
C39,38.74,32.18,180.00,10uF,PERFECT_0402_0402
C4,42.88,3.95,270.00,1pF,NORDIC_NRF_3_RESC0201_L
C42,30.81,28.85,180.00,0.1uF,GRM011R60J152KE01L_1_0201
C43,32.47,28.78,0.00,4.7uF,PERFECT_0402_0402
C5,28.92,16.32,180.00,100nF,NORDIC_NRF_3_RESC0201_L
C6,38.29,10.68,0.00,4.7uF,NORDIC_NRF_3_RESC0402_L
C7,36.10,10.18,0.00,100nF,NORDIC_NRF_3_RESC0201_L
C8,33.51,10.18,0.00,100nF,NORDIC_NRF_3_RESC0201_L
C9,37.72,12.58,0.00,820pF,NORDIC_NRF_3_RESC0201_L
D2,17.87,3.51,0.00,MBR0530,ESP32_C6_LIBRARY_5_SOD3716X135N
D3,32.32,31.61,0.00,USBLC6-2SC6Y,ESP32_C6_LIBRARY_3_SOT95P280X145-6N
D4,5.84,4.21,0.00,MBR0530,ESP32_C6_LIBRARY_5_SOD3716X135N
D5,5.64,8.19,0.00,MBR0530,ESP32_C6_LIBRARY_5_SOD3716X135N
EPD_C1,13.41,22.38,180.00,1uF/50V,NORDIC_NRF_3_RESC0402_L
EPD_C10,13.32,14.78,180.00,1uF/50V,NORDIC_NRF_3_RESC0402_L
EPD_C11,13.28,13.63,180.00,1uF/50V,NORDIC_NRF_3_RESC0402_L
EPD_C12,13.29,12.53,180.00,1uF/50V,NORDIC_NRF_3_RESC0402_L
EPD_C2,13.37,23.53,180.00,1uF/50V,NORDIC_NRF_3_RESC0402_L
EPD_C5,13.38,21.13,180.00,0.1uF/50V,NORDIC_NRF_3_RESC0402_L
EPD_C6,13.39,19.83,180.00,1uF/50V,NORDIC_NRF_3_RESC0402_L
EPD_C7,13.37,18.53,180.00,1uF/50V,NORDIC_NRF_3_RESC0402_L
EPD_C8,13.38,17.23,180.00,1uF/50V,NORDIC_NRF_3_RESC0402_L
EPD_C9,13.36,16.03,180.00,1uF/50V,NORDIC_NRF_3_RESC0402_L
IC1,35.97,31.63,0.00,BQ25180YBGR,BQ25180YBGR_BGA8C40P2X4_100X155X50
IC2,37.22,24.96,0.00,DRV2605YZFR,DRV2605YZFR_BGA9C50P3X3_144X144X62
IC3,27.20,11.03,180.00,BMA423,BMA423_BMA423
IC9,25.15,24.23,180.00,RT6160AWSC,RT6160AWSC_BGA15C40P3X5_140X230X60
J1,9.50,17.85,270.00,503480-2400,503480-2400_5034802400
J2,9.43,30.20,0.00,TC2030-IDC,TC2030-IDC_TC2030IDC
J4,23.00,31.04,180.00,KH-TYPE-C-16P,KH-TYPE-C-16P_KINGHELM_KH-TYPE-C-16P
L1,42.67,6.53,0.00,3.9nH,NORDIC_NRF_2_RESC0201_L
L2,31.95,18.83,0.00,10uH,NORDIC_NRF_2_RESC0402_L
L3,33.46,20.73,0.00,15nH,NORDIC_NRF_2_RESC0402_L
L5,21.19,9.92,0.00,68uH,ESP32_C6_LIBRARY_2_IND_4828-WE-TPC_WRE
L7,18.58,25.93,0.00,FTC252012SR47MBCA,MLP2016SR47MT0S1_INDC2016X100N
Q1,20.23,17.91,0.00,20V/4.2A/52mΩ/1.4W,ESP32_C6_LIBRARY_4_ESP32_C6_LIBRARY_4_ESP32_C6_LIBRARY_4_ESP32_C6_LIBRARY_4_ESP32_WROVER_SPARKFUN-DISCRETESEMI_SOT23-3
Q3,15.93,10.12,270.00,SI1308EDL-T1-GE3,ESP32_C6_LIBRARY_6_SOT65P210X110-3N
R17,24.08,21.30,180.00,3K3,CPF0201D7K68C1_0201
R18,26.16,21.30,0.00,3K3,CPF0201D7K68C1_0201
R1_EP_DR,13.67,11.20,0.00,0.47,CPF0201D7K68C1_0201
R1_USB,24.51,27.10,0.00,5K1,CPF0201D7K68C1_0201
R2,29.55,24.10,180.00,0,ERA-1AEB3401C_0201
R2_EP_DR,17.76,11.40,0.00,10K,CPF0201D7K68C1_0201
R2_USB,21.90,27.30,90.00,5K1,CPF0201D7K68C1_0201
R3,29.84,9.80,0.00,0,CPF0201D7K68C1_0201
R4,28.12,24.10,180.00,0,ERA-1AEB3401C_0201
R5,10.90,5.69,270.00,10K,CPF0201D7K68C1_0201
R7,33.00,5.73,270.00,10K,CPF0201D7K68C1_0201
R8,21.80,5.67,270.00,10K,CPF0201D7K68C1_0201
R9,35.91,30.00,270.00,10K,CPF0201D7K68C1_0201
R_PWR_EPD,19.52,15.50,90.00,10K,CPF0201D7K68C1_0201
R_TYPE_SEL,10.66,6.70,90.00,2.2,CPF0201D7K68C1_0201
SJ1,12.54,8.43,0.00,,ESP32_C6_LIBRARY_7_JUMPER_SJ
SW_DN,34.40,3.62,180.00,2025-10-22_07-23-44_LIBRARY_EVP-AKE31ASW_EVP-AKE31A_PAN,2025-10-22_07-23-44_LIBRARY_SW_EVP-AKE31A_PAN
SW_ENT,23.36,3.67,180.00,2025-10-22_07-23-44_LIBRARY_EVP-AKE31ASW_EVP-AKE31A_PAN,2025-10-22_07-23-44_LIBRARY_SW_EVP-AKE31A_PAN
SW_UP,12.39,3.63,180.00,2025-10-22_07-23-44_LIBRARY_EVP-AKE31ASW_EVP-AKE31A_PAN,2025-10-22_07-23-44_LIBRARY_SW_EVP-AKE31A_PAN
TP_3.3V,37.68,8.32,0.00,HECTOR_WATCH_1_TPTP20R,HECTOR_WATCH_1_TP20R
TP_3V3,19.19,22.42,0.00,HECTOR_WATCH_1_TPTP20R,HECTOR_WATCH_1_TP20R
TP_BAT_GND,43.57,25.02,0.00,HECTOR_WATCH_1_TPTP20R,HECTOR_WATCH_1_TP20R
TP_GND,40.95,10.72,0.00,HECTOR_WATCH_1_TPTP20R,HECTOR_WATCH_1_TP20R
TP_ON,40.56,24.72,0.00,HECTOR_WATCH_1_TPTP20R,HECTOR_WATCH_1_TP20R
TP_OP,40.54,27.62,0.00,HECTOR_WATCH_1_TPTP20R,HECTOR_WATCH_1_TP20R
TP_RESET,42.95,14.92,0.00,HECTOR_WATCH_1_TPTP20R,HECTOR_WATCH_1_TP20R
TP_SCL,31.23,21.82,0.00,HECTOR_WATCH_1_TPTP20R,HECTOR_WATCH_1_TP20R
TP_SDA,28.64,21.82,0.00,HECTOR_WATCH_1_TPTP20R,HECTOR_WATCH_1_TP20R
TP_SWDCLK,43.02,17.82,0.00,HECTOR_WATCH_1_TPTP20R,HECTOR_WATCH_1_TP20R
TP_SWDIO,42.80,20.92,0.00,HECTOR_WATCH_1_TPTP20R,HECTOR_WATCH_1_TP20R
TP_SWO,39.41,20.92,0.00,HECTOR_WATCH_1_TPTP20R,HECTOR_WATCH_1_TP20R
TP_VBAT,43.49,27.32,0.00,HECTOR_WATCH_1_TPTP20R,HECTOR_WATCH_1_TP20R
TP_VREG,22.00,22.32,0.00,HECTOR_WATCH_1_TPTP20R,HECTOR_WATCH_1_TP20R
U1,33.10,14.45,0.00,NRF52840_QF,NORDIC_NRF_4_AQFN50P700X700X85_HS-74N
U3,41.52,31.41,270.00,MAX17048G+T10,ESP32_C6_LIBRARY_SON50P200X200X80-9N
X1,38.67,16.92,0.00,32MHZ,NORDIC_NRF_BT-XTAL_2016_N
X2,23.82,16.52,270.00,32.768kHz,NORDIC_NRF_1_XTAL_3215_N
